Workbook

Sheet Дорожная карта
A1: Дорожная карта: как стать интегратором Битрикс24
A2: Полигон: оплаченный Битрикс24 компании + тестовый портал. Прогресс этапа считается автоматически из листа «Чеклист».
A4: № | B4: Этап | C4: Срок | D4: Что изучаем и делаем | E4: Результат | F4: Пунктов в чеклисте | G4: Выполнено | H4: Прогресс
A5: 0 | B5: Подготовка | C5: 1 нед | D5: Права администратора; проверить тариф и лимиты; тестовый портал; аккаунты в Академии и partners.bitrix24.ru; сообщества | E5: Тестовый портал, документ «текущее состояние» | F5: =COUNTIF('Чеклист'!$A:$A,A5) | G5: =COUNTIFS('Чеклист'!$A:$A,A5,'Чеклист'!$E:$E,"Готово") | H5: =IF(F5=0,0,G5/F5)
A6: 1 | B6: Продукт глазами пользователя | C6: 3-4 нед | D6: Задачи и проекты, CRM, чат/видео/календарь/диск, открытые линии, сайты и формы, HR, аналитика, мобильное приложение | E6: Пройдены все модули, список идей улучшений | F6: =COUNTIF('Чеклист'!$A:$A,A6) | G6: =COUNTIFS('Чеклист'!$A:$A,A6,'Чеклист'!$E:$E,"Готово") | H6: =IF(F6=0,0,G6/F6)
A7: 2 | B7: Администрирование | C7: 3-4 нед | D7: Структура и роли, права доступа, группы и экстранет, безопасность (2FA, IP, журнал), импорт/экспорт, тарифы и Маркет | E7: Чистая структура и права на портале | F7: =COUNTIF('Чеклист'!$A:$A,A7) | G7: =COUNTIFS('Чеклист'!$A:$A,A7,'Чеклист'!$E:$E,"Готово") | H7: =IF(F7=0,0,G7/F7)
A8: 3 | B8: Автоматизация без кода | C8: 4-6 нед | D8: Воронки и поля, роботы и триггеры, бизнес-процессы, смарт-процессы, шаблоны документов, SLA, отчёты и BI | E8: 3 автоматизированных процесса | F8: =COUNTIF('Чеклист'!$A:$A,A8) | G8: =COUNTIFS('Чеклист'!$A:$A,A8,'Чеклист'!$E:$E,"Готово") | H8: =IF(F8=0,0,G8/F8)
A9: 4 | B9: Интеграции | C9: 4 нед | D9: Почта, телефония, мессенджеры, CRM-формы, 1С, платежи, Make/n8n, Маркет vs кастом | E9: Единое окно коммуникаций | F9: =COUNTIF('Чеклист'!$A:$A,A9) | G9: =COUNTIFS('Чеклист'!$A:$A,A9,'Чеклист'!$E:$E,"Готово") | H9: =IF(F9=0,0,G9/F9)
A10: 5 | B10: Разработка (REST API) | C10: 6-8 нед | D10: Вебхуки, REST (crm.*, tasks.*, bizproc.*), OAuth, локальные приложения, роботы БП, placement, event.bind, batch и лимиты | E10: 3 dev-проекта в git | F10: =COUNTIF('Чеклист'!$A:$A,A10) | G10: =COUNTIFS('Чеклист'!$A:$A,A10,'Чеклист'!$E:$E,"Готово") | H10: =IF(F10=0,0,G10/F10)
A11: 6 | B11: Методология внедрения | C11: 3 нед | D11: Обследование, карта процессов, ТЗ, пилот, обучение, управление изменениями, оценка и КП, приёмка | E11: Пакет шаблонов ТЗ/КП/обучения | F11: =COUNTIF('Чеклист'!$A:$A,A11) | G11: =COUNTIFS('Чеклист'!$A:$A,A11,'Чеклист'!$E:$E,"Готово") | H11: =IF(F11=0,0,G11/F11)
A12: 7 | B12: Сертификация и рынок | C12: постоянно | D12: Сертификаты Академии, статус партнёра, портфолио, отзывы, первые платные проекты | E12: Статус интегратора, первый клиент | F12: =COUNTIF('Чеклист'!$A:$A,A12) | G12: =COUNTIFS('Чеклист'!$A:$A,A12,'Чеклист'!$E:$E,"Готово") | H12: =IF(F12=0,0,G12/F12)
B14: Итого | F14: =SUM(F5:F12) | G14: =SUM(G5:G12) | H14: =IF(F14=0,0,G14/F14)

Sheet Чеклист
A1: Этап № | B1: Блок | C1: Навык / задача | D1: Этап | E1: Статус | F1: Дата | G1: Заметки / доказательство
A2: 1 | B2: Продукт | C2: Настраиваю задачи, шаблоны, Scrum/Канбан | D2: =INDEX('Дорожная карта'!$B$5:$B$12,MATCH(A2,'Дорожная карта'!$A$5:$A$12,0)) | E2: Не начато
A3: 1 | B3: Продукт | C3: Знаю календарь, диск, чат, видеозвонки | D3: =INDEX('Дорожная карта'!$B$5:$B$12,MATCH(A3,'Дорожная карта'!$A$5:$A$12,0)) | E3: Не начато
A4: 2 | B4: Администрирование | C4: Знаю тарифы и ограничения, могу подобрать тариф | D4: =INDEX('Дорожная карта'!$B$5:$B$12,MATCH(A4,'Дорожная карта'!$A$5:$A$12,0)) | E4: Не начато
A5: 2 | B5: Администрирование | C5: Настраиваю структуру компании и права доступа | D5: =INDEX('Дорожная карта'!$B$5:$B$12,MATCH(A5,'Дорожная карта'!$A$5:$A$12,0)) | E5: Не начато
A6: 2 | B6: Администрирование | C6: Настраиваю рабочие группы, проекты, экстранет | D6: =INDEX('Дорожная карта'!$B$5:$B$12,MATCH(A6,'Дорожная карта'!$A$5:$A$12,0)) | E6: Не начато
A7: 2 | B7: Администрирование | C7: Настраиваю безопасность (2FA, IP, журнал) | D7: =INDEX('Дорожная карта'!$B$5:$B$12,MATCH(A7,'Дорожная карта'!$A$5:$A$12,0)) | E7: Не начато
A8: 2 | B8: Администрирование | C8: Импорт/экспорт данных (CSV, Excel) | D8: =INDEX('Дорожная карта'!$B$5:$B$12,MATCH(A8,'Дорожная карта'!$A$5:$A$12,0)) | E8: Не начато
A9: 3 | B9: CRM | C9: Настроил воронки, стадии, причины отказа | D9: =INDEX('Дорожная карта'!$B$5:$B$12,MATCH(A9,'Дорожная карта'!$A$5:$A$12,0)) | E9: Не начато
A10: 3 | B10: CRM | C10: Настроил пользовательские поля и справочники | D10: =INDEX('Дорожная карта'!$B$5:$B$12,MATCH(A10,'Дорожная карта'!$A$5:$A$12,0)) | E10: Не начато
A11: 3 | B11: CRM | C11: Настроил проверку и объединение дублей | D11: =INDEX('Дорожная карта'!$B$5:$B$12,MATCH(A11,'Дорожная карта'!$A$5:$A$12,0)) | E11: Не начато
A12: 3 | B12: CRM | C12: Настроил товары, каталог, счета, КП | D12: =INDEX('Дорожная карта'!$B$5:$B$12,MATCH(A12,'Дорожная карта'!$A$5:$A$12,0)) | E12: Не начато
A13: 3 | B13: CRM | C13: Настроил роли и права в CRM | D13: =INDEX('Дорожная карта'!$B$5:$B$12,MATCH(A13,'Дорожная карта'!$A$5:$A$12,0)) | E13: Не начато
... A48: 7 | B48: Статус | C48: Первый внешний клиент | D48: =INDEX('Дорожная карта'!$B$5:$B$12,MATCH(A48,'Дорожная карта'!$A$5:$A$12,0)) | E48: Не начато
A50: Легенда: меняйте только синие ячейки в колонке «Статус» (выпадающий список), дату и заметки.

Sheet План по неделям
A1: Недели | B1: Задача на портале | C1: Результат | D1: Статус | E1: Заметки
A2: 1 | B2: Аудит портала: тариф, пользователи, права, что настроено | C2: Документ «текущее состояние» | D2: Не начато
A3: 2-4 | B3: Пройти все модули, заполнить чеклист «Продукт» | C3: Заметки, вопросы, идеи | D3: Не начато
A4: 5-6 | B4: Навести порядок в структуре, правах, полях CRM | C4: Чистая настройка | D4: Не начато
A5: 7-10 | B5: Автоматизировать 3 процесса (роботы + БП) | C5: 3 работающих кейса | D5: Не начато
A6: 11-14 | B6: Подключить почту, телефонию, форму, мессенджер | C6: Единое окно коммуникаций | D6: Не начато
A7: 15-20 | B7: Вебхуки, REST, локальное приложение, свой робот | C7: 3 dev-проекта в git | D7: Не начато
A8: 21-24 | B8: Методика внедрения: шаблоны ТЗ, КП, обучения | C8: Пакет документов | D8: Не начато
A9: 25+ | B9: Сертификация, портфолио, первые внешние проекты | C9: Статус интегратора | D9: Не начато

Sheet Ресурсы и риски
A1: Тип | B1: Что | C1: Где
A2: Ресурс | B2: Академия Битрикс24 (курсы, экзамены) | C2: academy.bitrix24.ru / training.bitrix24.com
A3: Ресурс | B3: Документация REST API | C3: apidocs.bitrix24.ru
A4: Ресурс | B4: Портал партнёров | C4: partners.bitrix24.ru
A5: Ресурс | B5: Маркет приложений | C5: bitrix24.ru/apps
A6: Ресурс | B6: Сообщества и чаты интеграторов | C6: Коммьюнити, Telegram
A7: Риск/совет | B7: Не экспериментировать на боевых данных | C7: Использовать тестовый портал
A8: Риск/совет | B8: Фиксировать настройки (скриншоты, схемы БП) | C8: Основа будущих кейсов
A9: Риск/совет | B9: Сначала процесс, потом автоматизация | C9: Не автоматизировать хаос
A10: Риск/совет | B10: Согласовывать изменения с владельцами процессов | C10: Внутри компании
A11: Примечание | B11: Названия сертификатов и условия партнёрства даны по памяти | C11: Сверить на partners.bitrix24.ru
